{
  "timestamp": "2025-07-27T10:21:52.612Z",
  "type": "analysis-strategy",
  "prompt": "You are a data analysis expert. Create a custom analysis strategy tailored to the user's specific requirements.\n\nUser Query: \"can you give me the Average Order value for the past 6 months, analyse it on a weekly basis, for example:month: june, week : 1, AoV: 120\"\nData Sample (24 rows from 24 total):\n[\n  {\n    \"week_start\": 20114,\n    \"month\": 1,\n    \"AoV\": 2.0528332877087325\n  },\n  {\n    \"week_start\": 20114,\n    \"month\": 2,\n    \"AoV\": 3.1363636363636362\n  },\n  {\n    \"week_start\": 20121,\n    \"month\": 2,\n    \"AoV\": 1.9166666666666667\n  },\n  {\n    \"week_start\": 20128,\n    \"month\": 2,\n    \"AoV\": 2.200932684509327\n  },\n  {\n    \"week_start\": 20135,\n    \"month\": 2,\n    \"AoV\": 2.073238023576624\n  },\n  {\n    \"week_start\": 20142,\n    \"month\": 2,\n    \"AoV\": 2.2352652259332024\n  },\n  {\n    \"week_start\": 20142,\n    \"month\": 3,\n    \"AoV\": 2.5936507936507938\n  },\n  {\n    \"week_start\": 20149,\n    \"month\": 3,\n    \"AoV\": 2.3724366706875752\n  },\n  {\n    \"week_start\": 20156,\n    \"month\": 3,\n    \"AoV\": 1.8691993880673126\n  },\n  {\n    \"week_start\": 20163,\n    \"month\": 3,\n    \"AoV\": 1.9243580846634283\n  },\n  {\n    \"week_start\": 20170,\n    \"month\": 3,\n    \"AoV\": 1.8450892857142858\n  },\n  {\n    \"week_start\": 20177,\n    \"month\": 3,\n    \"AoV\": 1.7094890510948906\n  },\n  {\n    \"week_start\": 20177,\n    \"month\": 4,\n    \"AoV\": 1.6585778781038374\n  },\n  {\n    \"week_start\": 20184,\n    \"month\": 4,\n    \"AoV\": 1.9924043236926672\n  },\n  {\n    \"week_start\": 20191,\n    \"month\": 4,\n    \"AoV\": 1.4769470058882346\n  },\n  {\n    \"week_start\": 20198,\n    \"month\": 4,\n    \"AoV\": 1.818765036086608\n  },\n  {\n    \"week_start\": 20205,\n    \"month\": 4,\n    \"AoV\": 1.5437665782493368\n  },\n  {\n    \"week_start\": 20205,\n    \"month\": 5,\n    \"AoV\": 1.930298719772404\n  },\n  {\n    \"week_start\": 20212,\n    \"month\": 5,\n    \"AoV\": 1.8661604176554343\n  },\n  {\n    \"week_start\": 20254,\n    \"month\": 6,\n    \"AoV\": 2.201709401709402\n  },\n  {\n    \"week_start\": 20261,\n    \"month\": 6,\n    \"AoV\": 2.006242568370987\n  },\n  {\n    \"week_start\": 20268,\n    \"month\": 6,\n    \"AoV\": 1.813953488372093\n  },\n  {\n    \"week_start\": 20268,\n    \"month\": 7,\n    \"AoV\": 2.0233368164402648\n  },\n  {\n    \"week_start\": 20275,\n    \"month\": 7,\n    \"AoV\": 2.1396131202691335\n  }\n]\n\nBased on the user's specific request and the data structure, create a comprehensive and customized analysis.\n\nGenerate a JSON response with:\n{\n  \"analysisDecision\": {\n    \"shouldAnalyze\": true/false,\n    \"reasoning\": \"Explain why Python analysis would or wouldn't add value for this specific query\"\n  },\n  \"insights\": {\n    \"immediate\": [\"Key insights visible in the data\"],\n    \"statistical\": [\"Statistical patterns and metrics relevant to the query\"],\n    \"business\": [\"Business implications and actionable insights\"]\n  },\n  \"pythonScript\": {\n    \"description\": \"What THIS SPECIFIC script will do with THIS data\",\n    \"code\": \"# ACTUAL WORKING PYTHON CODE HERE - not placeholder text\n# Must be complete, executable code specific to this query\n# Use actual column names from the data sample\",\n    \"outputFiles\": [\"specific filenames like 'sales_decline_analysis.png', 'product_performance_summary.csv']\",\n    \"skipAnalysis\": false,\n    \"missingDependencies\": []\n  },\n  \"recommendations\": [\"Specific actionable recommendations based on the data\"],\n  \"followUpQuestions\": [\"Relevant follow-up questions based on the analysis\"]\n}\n\n\nAVAILABLE DEPENDENCIES (pre-installed):\n- pandas\n- matplotlib\n- seaborn\n- numpy\n- os (for file operations)\n\nCRITICAL DECISION MAKING:\n1. First, analyze if this query result can benefit from Python analysis:\n   - Does it have meaningful numerical data to analyze?\n   - Are there trends, patterns, or visualizations that would add value?\n   - Would statistical analysis provide insights beyond the raw data?\n   - If NO to all above, set \"skipAnalysis\": true with explanation\n\n2. If analysis IS appropriate, create a UNIQUE script that:\n   - Is specifically tailored to THIS query's data structure and user intent\n   - Uses only the available dependencies listed above\n   - If you need other packages, list them in \"missingDependencies\" array\n   - Handles the ACTUAL column names and data types from the sample\n   - Creates meaningful outputs (charts, statistics, summaries) based on the data\n\n3. Script Requirements:\n   - 'df' variable contains the query results as a pandas DataFrame\n   - Use 'output_dir' for saving files: os.path.join(output_dir, 'filename.ext')\n   - Handle NULL/missing values appropriately\n   - Include proper error handling for data type conversions\n   - Generate files with descriptive names related to the analysis\n\n4. Be CREATIVE and SPECIFIC:\n   - For sales data: trend analysis, seasonality, top performers\n   - For product data: category analysis, price distributions, inventory insights\n   - For customer data: segmentation, behavior patterns, lifetime value\n   - For time-series: forecasting, anomaly detection, period comparisons\n   - Match the analysis to the user's actual question intent",